id,nombre,facebook
SB-REST-AUD-10EB4518,"""Doña Noli"" Pozol y Tacos (5 de Mayo)",https://www.facebook.com/DonaNoli
SB-REST-AUD-95D122BE,"""Doña Noli"" Pozol y Tacos - Carretera Villaflores",https://www.facebook.com/DonaNoli
SB-REST-AUD-40A0725F,A Fuego Lento,https://www.facebook.com/A-FUEGO-LENTO-1556720484606167/timeline
SB-REST-AUD-BD368EE3,Adas Artesanal Café | Tuxtla Gutiérrez,https://www.facebook.com/adascafemx
SB-REST-AUD-8D7FE119,Adela Restaurante | Tuxtla Gutiérrez,https://www.facebook.com/adelarestaurantemx
SB-REST-AUD-22EDC285,Akira Makis (@Akira.snacksysushi),https://www.facebook.com/Akira.snacksysushi
SB-REST-AUD-33313D32,Al barbón | Tuxtla Gutiérrez,https://www.facebook.com/108399414417367
SB-REST-AUD-570120EA,Alabama Cocina de Mar | Tuxtla Gutiérrez,https://www.facebook.com/p/Alabama-Cocina-de-Mar-61575187616435
SB-REST-AUD-480C67CB,ALDO | Tuxtla Gutiérrez,https://www.facebook.com/aldococinas
SB-REST-AUD-F6B03641,Alitas Chan-Kin (@alitaschankin),https://www.facebook.com/alitaschankin
SB-REST-AUD-7D18FBE9,Alitas El Monchis Tuxtla,https://www.facebook.com/elmonchistuxtla
SB-REST-AUD-D598415B,Alitas En Fuga | Tuxtla Gutiérrez,https://www.facebook.com/CuaxiNango
SB-REST-AUD-4D05D572,"Alitas y antojitos ""maja"" | Tuxtla Gutiérrez",https://www.facebook.com/100069925360519
SB-REST-AUD-5ADC2416,Alitas y Snack's Valeria | Tuxtla Gutiérrez,https://www.facebook.com/p/Alitas-y-Snacks-Valeria-100043508954153
SB-REST-AUD-5BC8581C,Amor a Chiapas Bazar,https://www.facebook.com/AMOR-A-CHIAPAS-BAZAR-289366798399139
SB-REST-AUD-74A4A7A8,Andares Tuxtla,https://www.facebook.com/Andares-Tuxtla-2205302699712325
SB-REST-AUD-D9A71790,Antojitos Doña Chepita,http://facebook.com/Antojitos-Do%C3%B1a-Chepita-Tuxtla-Gtz-2249266628623363
SB-REST-AUD-C888BEC6,Arroz Restaurante | Tuxtla Gutiérrez,https://www.facebook.com/p/Arroz-Restaurante-100034850333428
SB-REST-AUD-68F9C1F3,Asher Restaurante Brunch | Tuxtla Gutiérrez,https://www.facebook.com/asherbrunchmx
SB-REST-AUD-7F9C6C34,AUTE Bistro Tuxtla | Tuxtla Gutiérrez,https://www.facebook.com/AUTEBISTROTUXTLA
SB-REST-AUD-D7D3A056,AviFoods Alimentos | Tuxtla Gutiérrez,https://www.facebook.com/p/AviFoods-Alimentos-61553375922797
SB-REST-AUD-30510134,Baja Taco Shop,https://www.facebook.com/BajaTacoShop
SB-REST-AUD-81A3A589,Balajú Marisquería,https://www.facebook.com/Balajumarisqueria
SB-REST-AUD-2C2EF34D,Bambu Sushi Sucursal | Tuxtla Gutiérrez,https://www.facebook.com/p/Bambu-Sushi-Sucursal-61574736875196
SB-REST-AUD-0B73F074,BAMBÚ SUSHI | Tuxtla Gutiérrez,https://www.facebook.com/bambusushituxtla
SB-REST-AUD-4AEB5625,Bar El Pelucas | Tuxtla Gutiérrez,https://www.facebook.com/barelpelucas
SB-REST-AUD-E87F6383,Bar el rincón bohemio | Tuxtla Gutiérrez,https://www.facebook.com/barelrinconbohemio
SB-REST-AUD-69F96FD5,Bar Los Limones Ligth | Tuxtla Gutiérrez,https://www.facebook.com/BarLosLimonesLigth
SB-REST-AUD-7D0FF26B,Bar tío choris | Tuxtla Gutiérrez,https://www.facebook.com/p/Bar-t%C3%ADo-choris-100076166045553
SB-REST-AUD-BC48AE41,Barbacoa De Borrego El Rincón del Charro | Tuxtla Gutiérrez,https://www.facebook.com/p/Barbacoa-De-Borrego-El-Rinc%C3%B3n-del-Charro-100054650160357
SB-REST-AUD-EB495765,BIG APPLE Burger | Tuxtla Gutiérrez,https://www.facebook.com/p/BIG-APPLE-Burger-100054201114630
SB-REST-AUD-9E909BE0,Biggies Burgers | Tuxtla Gutiérrez,https://www.facebook.com/BiggiesBurguers
SB-REST-AUD-E89FC89E,BigMonchis,https://m.facebook.com/BIGMONCHIS
SB-REST-AUD-50095BC9,Bigotonas smash burguer,https://www.facebook.com/Bigotonasmx
SB-REST-AUD-EC20E62C,Birrias Estilo Tijuana El Compa Chino. | Tuxtla Gutiérrez,https://www.facebook.com/elcompachinochiapas
SB-REST-AUD-F0CF0DF8,BLAA | Tuxtla Gutiérrez,https://www.facebook.com/blaarestaurante
SB-REST-AUD-EE0CD597,Bocatto Restaurante & Coffee | Tuxtla Gutiérrez,https://www.facebook.com/BocattoCoffee
SB-REST-AUD-8A39AD5C,BOTANAS,https://www.facebook.com/share/1bhMaQKf6B
SB-REST-AUD-0CD28F97,Boyante | Tuxtla Gutiérrez,https://www.facebook.com/BoyanteRestaurante
SB-REST-AUD-BD5C5B23,Bravo Restaurante Italiano | Tuxtla Gutiérrez,https://www.facebook.com/p/Bravo-Restaurante-Italiano-61556351649581
SB-REST-AUD-7E8FC962,BREIK Tuxtla | Tuxtla Gutiérrez,https://www.facebook.com/BREIKpizza
SB-REST-AUD-BFEE092B,Buffalos Wings Tuxtla | Tuxtla Gutiérrez,https://www.facebook.com/buffaloswingstuxtla
SB-REST-AUD-B87F2B0F,Burger Queen | Tuxtla Gutiérrez,https://www.facebook.com/Burgerandwing
SB-REST-AUD-F2D47491,Burgerthoven Franquicias,https://www.facebook.com/Burgerthoven
SB-REST-AUD-39A5499D,Burguers Hamburguesas al carbón | Tuxtla Gutiérrez,https://www.facebook.com/wontonbymakiroll
SB-REST-AUD-117F7CB6,Cafe Biomaya Chiapas 5 de mayo | Tuxtla Gutiérrez,https://www.facebook.com/BIOMAYACAFE
SB-REST-AUD-3860F4DD,Cafecito DIF | Tuxtla Gutiérrez,https://www.facebook.com/CafecitoDIF
SB-REST-AUD-1FFF130A,Cafeteria Marca Chiapas - Plaza Cristal | Tuxtla Gutiérrez,https://www.facebook.com/cafeteriamarcachiapasplazacristal
SB-REST-AUD-5DA4DC6F,Cafetería Bauztel | Tuxtla Gutiérrez,https://www.facebook.com/bauztel
SB-REST-AUD-5C1B7BF4,Cafetería Bonampak | Tuxtla Gutiérrez,https://www.facebook.com/cafeteriabonampaktuxtla
SB-REST-AUD-23A3785B,Cafetería D'Eliz,https://www.facebook.com/heladeria.copoya
SB-REST-AUD-13B997DA,"Cafetería del Parque - Home - Tuxtla Gutiérrez, Chiapas",https://www.facebook.com/278274889478545
SB-REST-AUD-B7F25FBD,Cafetería del Parque Boulevard | Tuxtla Gutiérrez,https://www.facebook.com/Cafeteriadelparqueboulevard
SB-REST-AUD-10069B20,Cafetería Semilla Nativa,https://www.facebook.com/share/16HW9tGX1Z
SB-REST-AUD-190F8EC9,Cafetería Semilla Nativa | Tuxtla Gutiérrez,https://www.facebook.com/CafeteriaSemillaNativa
SB-REST-AUD-B1EC7801,Cafetería Sierra Azul,https://www.facebook.com/sierra.azull.1
SB-REST-AUD-150FE582,Cafetería Sierra Azul | Tuxtla Gutiérrez,https://www.facebook.com/p/Cafeter%C3%ADa-Sierra-Azul-100076022355442
SB-REST-AUD-16523DF7,Café Bar 500 Noches Tuxtla | Tuxtla Gutiérrez,https://www.facebook.com/cafebar500noches
SB-REST-AUD-45A95268,Café CURRUCHO,https://www.facebook.com/share/1Dn2K6qsGg
SB-REST-AUD-A0E163C0,Café de la Luz Tuxtla | Tuxtla Gutiérrez,https://www.facebook.com/cafedelaluztuxtla
SB-REST-AUD-43000209,Café DeChiapas Restaurant - Cabaña | Tuxtla Gutiérrez,https://www.facebook.com/cafedechiapasmx
SB-REST-AUD-5FD95FE3,Café Jaguar Negro | Tuxtla Gutiérrez,https://www.facebook.com/Cafe.JaaguarNegro
SB-REST-AUD-982552A6,Café Monte Verde - Productos Chiapanecos,https://www.facebook.com/cafemonteverde
SB-REST-AUD-EECCF2D8,Café Nahmú | Tuxtla Gutiérrez,https://www.facebook.com/CafeNahmu
SB-REST-AUD-13400F5F,Café Urbano | Tuxtla Gutiérrez,https://www.facebook.com/cafe.urbanomx
SB-REST-AUD-0196784C,Cafécito con Pan de Doña Esther,https://www.facebook.com/CafecitoConPanDE
SB-REST-AUD-AD80AF23,Caivalu Cafeteria | Tuxtla Gutiérrez,https://www.facebook.com/p/Caivalu-Cafeteria-100063701043961
SB-REST-AUD-3050F678,Cajas para pizza prizebox | Tuxtla Gutiérrez,https://www.facebook.com/p/Cajas-para-pizza-prizebox-100077314061970
SB-REST-AUD-96E593CA,Calditos La Tía,http://www.facebook.com/calditoslatia
SB-REST-AUD-37BAC454,Callejon Gourmet,http://www.facebook.com/callejongourmet
SB-REST-AUD-CC95936B,Camarones y pescado secos Don Artemio,https://www.facebook.com/share/1A76aJFnWG
SB-REST-AUD-8F46AF25,Candilejas Restaurante | Tuxtla Gutiérrez,https://www.facebook.com/candilejastuxtla
SB-REST-AUD-F79DF0C1,Candox Flores y Café | Tuxtla Gutiérrez,https://www.facebook.com/candoxfloresycafe
SB-REST-AUD-94EDA5BA,Casa Conejo Café Cultural | Tuxtla Gutiérrez Centro,https://www.facebook.com/casaconejocafe
SB-REST-AUD-D8218D9B,Casa Margaritas Restaurant & Jardín | Tuxtla Gutiérrez,https://www.facebook.com/CasaMargaritasChis
SB-REST-AUD-2E787F94,Casa Mia Restaurante & Cafetería | Tuxtla Gutiérrez,https://www.facebook.com/p/Casa-Mia-Restaurante-Cafeter%C3%ADa-61575875519235
SB-REST-AUD-7FB72FC0,Casa Nostra,http://www.facebook.com/casanostratuxtla
SB-REST-AUD-F11C5B18,Casa Nostra Pizza | Tuxtla Gutiérrez,https://www.facebook.com/CasaNostraPizza
SB-REST-AUD-A706D21F,Casa Oropeza | Tuxtla Gutiérrez,https://www.facebook.com/CafeOropeza
SB-REST-AUD-6EBDC57A,Casa Simall Restaurant & Cafetería | Tuxtla Gutiérrez,https://www.facebook.com/casasimall
SB-REST-AUD-DD384F90,Casa Vainilla Restaurante | Tuxtla Gutiérrez,https://www.facebook.com/CasaVainillaRestaurante
SB-REST-AUD-49816617,"Cenaduria ""La Quinta"" | Tuxtla Gutiérrez",https://www.facebook.com/LaQuintaCenaduria
SB-REST-AUD-4D809E00,"Cenaduría El Panal - Home - Tuxtla Gutiérrez, Chiapas",https://www.facebook.com/pages/Cenadur%C3%ADa-El-Panal/293256267544503
SB-REST-AUD-51E74651,Charolas de mariscos tia blanquita | Tuxtla Gutiérrez,https://www.facebook.com/p/Charolas-de-mariscos-tia-blanquita-100061017409635
SB-REST-AUD-C026873F,Cheat Meal Tuxtla,https://www.facebook.com/pg/cheatmealtuxtla
SB-REST-AUD-9E885147,Chía Restaurante | Tuxtla Gutiérrez,https://www.facebook.com/Restaurantechia
SB-REST-AUD-3F63F8F6,Cocina Alebrijes | Tuxtla Gutiérrez,https://www.facebook.com/alebrijescenaduriatuxtla
SB-REST-AUD-6CDB7FE9,Cocina siloe tux. | Tuxtla Gutiérrez,https://www.facebook.com/p/Cocina-siloe-tux-100067807464672
SB-REST-AUD-4DA20DFA,Cocina Tradicional y café luna,https://www.facebook.com/lupita.vera.39750121
SB-REST-AUD-7358D36A,"Cocina Tradicional Zoque, Copoya Mujeres Zoques Copoya A.C.",https://www.facebook.com/Cocinatradicionalzoque
SB-REST-AUD-15E4BFEE,Coco Cocina de Puerto | Tuxtla Gutiérrez,https://www.facebook.com/p/Coco-Cocina-de-Puerto-100077582349715
SB-REST-AUD-8E5A78D6,Coctelería El Noa NoaNoa,https://www.facebook.com/share/1AetsHJk7V
SB-REST-AUD-8C8640ED,Cocteles & mariscos La Proa.,https://m.facebook.com/LaproaTuxtlacentro
SB-REST-AUD-792D198B,Coliseo's Pizza | Tuxtla Gutiérrez,https://www.facebook.com/coliseospizza
SB-REST-AUD-3C727A7E,Consorcio Social del Café Mexicano | Tuxtla Gutiérrez,https://www.facebook.com/spcafechiapas
SB-REST-AUD-FEB32372,Cortes Bar-B-Q (@cortesbarbq) - Mentions,https://www.facebook.com/cortesbarbq
SB-REST-AUD-EC51AF4C,Cortes Bar-B-Q Boutique de Carne,https://es-la.facebook.com/cortesbarbq
SB-REST-AUD-F8091330,Costa Brava cocina de mar,http://www.facebook.com/costabravacocinadelmar
SB-REST-AUD-70D6BAEE,Costa Brava Mariscos | Tuxtla Gutiérrez,https://www.facebook.com/costabravacocinadelmar
SB-REST-AUD-A2BE1F4D,Costi-Pollos pío | Tuxtla Gutiérrez,https://www.facebook.com/costipollospio
SB-REST-AUD-2FAC2A0B,Dalu Antojitos,https://www.facebook.com/share/SEcEFA8WjfY4EY7n
SB-REST-AUD-C189EACE,De Paco Hamburguesas | Tuxtla Gutiérrez,https://www.facebook.com/DePacoHamburguesas
SB-REST-AUD-04DD60E1,Divina Restaurante | Tuxtla Gutiérrez,https://www.facebook.com/61582808903641
SB-REST-AUD-16B67434,"Domino's Pizza - Почетна - Tuxtla Gutiérrez, Chiapas",https://www.facebook.com/pages/Dominos-Pizza/348972622374439
SB-REST-AUD-39FEDBF9,Domino's Pizza | Tuxtla Gutiérrez,https://www.facebook.com/100089983776091
SB-REST-AUD-A837C320,"Don Carbon ""Hamburguesas"" | Tuxtla Gutiérrez",https://www.facebook.com/HamburguesasDonCarbon
SB-REST-AUD-64F17B4A,Don Filiberto | Tuxtla Gutiérrez,https://www.facebook.com/DonFilibertoTacos
SB-REST-AUD-299A7C80,Don Mele | Tuxtla Gutiérrez,https://www.facebook.com/TaqueriaDonMele
SB-REST-AUD-A6814B3F,Don Rafita - Tacos y Gorditas,https://www.facebook.com/100057554764807
SB-REST-AUD-409EF246,Doni's Pizza Laguitos | Tuxtla Gutiérrez,https://www.facebook.com/donispizzalaguitos
SB-REST-AUD-0FBBED27,El Canillas [Restaurante],https://m.facebook.com/ElCanillas
SB-REST-AUD-BB0D5136,El Corralito Boneless | Tuxtla Gutiérrez,https://www.facebook.com/p/El-Corralito-Boneless-100082817427444
SB-REST-AUD-B64E060D,EL DELFÍN DE LUCIO,https://www.facebook.com/marisqueriaeldelfindelucio
SB-REST-AUD-976CBEFF,EL JR TACOS | Tuxtla Gutiérrez,https://www.facebook.com/ELJRTACO
SB-REST-AUD-CB7C7684,El Mar Restaurante | Tuxtla Gutiérrez,https://www.facebook.com/elmar.restaurante.3
SB-REST-AUD-B8CDA7BF,El Michoacano Tacos y Gorditas | Tuxtla Gutiérrez,https://www.facebook.com/61577914376590
SB-REST-AUD-A6FA9473,El Mixiote Restaurant | Tuxtla Gutiérrez,https://www.facebook.com/mixiote.restaurant
SB-REST-AUD-7B1F8CF9,El Molino Restaurante | Tuxtla Gutiérrez,https://www.facebook.com/ElMolinoTuxtla
SB-REST-AUD-46750477,El Morro Tacos y Carnes | Tuxtla Gutiérrez,https://www.facebook.com/ElMorroTacosyCarnes
SB-REST-AUD-FA980E16,El MORRO. | Tuxtla Gutiérrez,https://www.facebook.com/taqueriaelmorro
SB-REST-AUD-8F5CA28B,El Oso Hormiguero Resto•Bar | Tuxtla Gutiérrez,https://www.facebook.com/p/El-Oso-Hormiguero-RestoBar-61561182140778
SB-REST-AUD-EB1CCBAB,El Paisa - Tacos y consomé de Birria | Tuxtla Gutiérrez,https://www.facebook.com/p/El-Paisa-Tacos-y-consom%C3%A9-de-Birria-100077260763182
SB-REST-AUD-2B90349C,El Parachico Tacos | Tuxtla Gutiérrez,https://www.facebook.com/elparachicotacos
SB-REST-AUD-BA75CD99,El Pillo Hamburguesas | Tuxtla,https://www.facebook.com/p/El-Pillo-Hamburguesas-100054500917992
SB-REST-AUD-31BBCBED,"El profesor "" carnes asadas "" (@ElProfesorComidaGourmet)",https://www.facebook.com/ElProfesorComidaGourmet
SB-REST-AUD-45D35C3F,"El Puerto, Mariscos - Tuxtla Gutiérrez",https://www.facebook.com/100054281960008
SB-REST-AUD-73E0C971,El Punto Pizzería Tuxtla | Tuxtla Gutiérrez,https://www.facebook.com/Elpuntopizzeriasuctuxtla
SB-REST-AUD-ECD3F044,El Reparo Wings | Tuxtla Gutiérrez,https://www.facebook.com/ElReparoWings
SB-REST-AUD-5BA27135,El Rey Azul | Tuxtla Gutiérrez,https://www.facebook.com/elreyazulrestaurantedemariscos
SB-REST-AUD-D239B5BE,el rey del taco tacos y antojitos | Tuxtla Gutiérrez,https://www.facebook.com/p/el-rey-del-taco-tacos-y-antojitos-100088248277857
SB-REST-AUD-5FAEA355,El Rincón de Josefina,https://www.facebook.com/share/1DFxt6cUwY
SB-REST-AUD-79F7AEEC,El Taco Loco | Tuxtla Gutiérrez,https://www.facebook.com/UnLocoSaborParaCompartir
SB-REST-AUD-C7D30B2C,El tiburón,https://www.facebook.com/El-tibur%C3%B3n-104384054918431
SB-REST-AUD-30B89E67,El Zarandeao Cevicheria&Pescaderia | Tuxtla Gutiérrez,https://www.facebook.com/elzarandeaochiapas
SB-REST-AUD-9386239D,Elizabeth Restaurante | Tuxtla Gutiérrez,https://www.facebook.com/p/Elizabeth-Restaurante-61567304270272
SB-REST-AUD-2FE6496B,Feria del Taco | Tuxtla Gutiérrez,https://www.facebook.com/p/Feria-del-Taco-100069244330019
SB-REST-AUD-A267DF78,Finca Cafe | Tuxtla Gutiérrez,https://www.facebook.com/finca1748
SB-REST-AUD-BA80408E,Flamingazos Pizza - Tuxtla Gutiérrez,https://www.facebook.com/flamingazospizza
SB-REST-AUD-011526CA,Florentina Pizzas | Tuxtla Gutiérrez,https://www.facebook.com/florentina.pizzas
SB-REST-AUD-E34E7245,"Frappes, Alitas y Más ""J&J"" | Tuxtla Gutiérrez",https://www.facebook.com/frappesalitasymasJyJ
SB-REST-AUD-98F88D9B,fries & wings,https://www.facebook.com/Fries-wings-110980007376454
SB-REST-AUD-CA8581DD,Frontera Sur | Tuxtla Gutiérrez,https://www.facebook.com/fronterasurhamburguesas
SB-REST-AUD-51D219C2,Gabana Café | Tuxtla Gutiérrez,https://www.facebook.com/gabanacafetgz
SB-REST-AUD-DA508376,Gloria's Cafeteria | Tuxtla Gutiérrez,https://www.facebook.com/CafeteriaGlorias
SB-REST-AUD-EC0CAC91,GUGO Restaurant,https://www.facebook.com/GUGORestaurant
SB-REST-AUD-E8D420C5,Hai Sushi | Tuxtla Gutiérrez,https://www.facebook.com/p/Hai-Sushi-100070364799891
SB-REST-AUD-23724D38,Hamburguesas al Carbon Tía Julia | Tuxtla Gutiérrez,https://www.facebook.com/HamburguesasTiaJulia
SB-REST-AUD-27C935B4,"Hamburguesas al carbón ""Don Cangrejo"" | Tuxtla Gutiérrez",https://www.facebook.com/p/Hamburguesas-al-carb%C3%B3n-Don-Cangrejo-100064000149564
SB-REST-AUD-B8D89D97,"Hamburguesas al carbón ""Dos hermanos"" | Berriozábal",https://www.facebook.com/p/Hamburguesas-al-carb%C3%B3n-Dos-hermanos-61556917964171
SB-REST-AUD-27A804D6,Hamburguesas del Barrio | Tuxtla Gutiérrez,https://www.facebook.com/DELBARRIOHAMBURGUESAS
SB-REST-AUD-C4563F03,Hamburguesas el colocho | Tuxtla Gutiérrez,https://www.facebook.com/alcaerbon
SB-REST-AUD-C17362E7,Hamburguesas Gigantes Del Crucero de Terán,https://www.facebook.com/HamburguesasGigantesDelCruceroDeTeran
SB-REST-AUD-18D4BA0C,Hamburguesas La hacienda | Tuxtla Gutiérrez,https://www.facebook.com/p/Hamburguesas-La-hacienda-100070918051972
SB-REST-AUD-89292DCB,HAMBURGUESAS LAS CHIDAS,https://www.facebook.com/104299211394472
SB-REST-AUD-EB8E21DF,Hamburguesas Las Magníficas | Tuxtla Gutiérrez,https://www.facebook.com/hamburguesaslasmagnificas
SB-REST-AUD-69EC924F,Hamburguesas Ross-Betty | Tuxtla Gutiérrez,https://www.facebook.com/Hamburguesasrossbetty
SB-REST-AUD-1D1BA3D4,Hamburguesas y alitas jireh,https://www.facebook.com/share/1Fqs1bKyZK
SB-REST-AUD-A53642A9,Hamburguesas y alitas Y Jireh | Tuxtla Gutiérrez Centro,https://www.facebook.com/people/Hamburguesas-y-alitas-Y-Jireh/61581238306400
SB-REST-AUD-3B495155,"Hamburguesas y hot dog ""La 7a"". | Tuxtla Gutiérrez",https://www.facebook.com/p/Hamburguesas-y-hot-dog-La-7a-100083000898539
SB-REST-AUD-9B379A21,Hamburguesas Y Hot Dog “El Pillo” - Home,https://www.facebook.com/1422520924658464
SB-REST-AUD-80DA3E0B,Hamburguesas y Hot Dogs el Brother | Tuxtla Gutiérrez,https://www.facebook.com/p/Hamburguesas-y-Hot-Dogs-el-Brother-61585165942359
SB-REST-AUD-68482855,"Hamburguesas, alitas, tacos Callejón Gourmet | Tuxtla ...",https://www.facebook.com/callejongourmet
SB-REST-AUD-6A07472E,Hamburguesería Cúrcuma | Tuxtla Gutiérrez,https://www.facebook.com/p/Hamburgueser%C3%ADa-C%C3%BArcuma-100063767073101
SB-REST-AUD-74EEB4A4,Hanasho Sushi Bar | Tuxtla Gutiérrez,https://www.facebook.com/p/Hanasho-Sushi-Bar-100063473743649
SB-REST-AUD-1470A33D,Hanaya Sushi - San Cristóbal de Las Casas,https://www.facebook.com/HanayaSushiSanCristobal
SB-REST-AUD-E132F915,Hanaya Sushi | Tuxtla Gutiérrez,https://www.facebook.com/HANAYAsushis
SB-REST-AUD-25316760,Haruki Sushi Tuxtla | Tuxtla Gutiérrez,https://www.facebook.com/HarukiSushiTuxtla
SB-REST-AUD-9469A241,Hierba Santa - Cafetería Vegetal | Tuxtla Gutiérrez,https://www.facebook.com/p/Hierba-Santa-Cafeter%C3%ADa-Vegetal-100077687675466
SB-REST-AUD-5AB712A9,"Hot Dog y Hamburguesas ""El Ovniverso"" | Tuxtla Gutiérrez",https://www.facebook.com/p/Hot-Dog-y-Hamburguesas-El-Ovniverso-100076150691175
SB-REST-AUD-2B1E67DF,Hotaru ramen Tuxtla | Tuxtla Gutiérrez,https://www.facebook.com/hotaruramentuxtla
SB-REST-AUD-BA1E37A1,Humo y Leña Tuxtla,https://www.facebook.com/humoylenatuxtla
SB-REST-AUD-00442104,Instituto del Café de Chiapas | Tuxtla,https://www.facebook.com/INCAFECH
SB-REST-AUD-FA868865,Introductores de Pescados y Mariscos “Oelito” Mercado del ...,https://www.facebook.com/p/Introductores-de-Pescados-y-Mariscos-Oelito-Mercado-del-Norte-Chiapas-100063749102803
SB-REST-AUD-37845CD3,Japan Roll Sushi,https://www.facebook.com/p/Japan-Roll-100039385225030
SB-REST-AUD-8FF3A3B5,Jochos Jarochos Tuxtla,https://mobile.facebook.com/JochosJarochosVhsa
SB-REST-AUD-76BF0906,Kabuki Restaurant | Tuxtla Gutiérrez,https://www.facebook.com/KABUKITUXTLARestaurant
SB-REST-AUD-7FDD092A,Kafe Prodyser,https://www.facebook.com/KAFEPRODYSER
SB-REST-AUD-2DFE9F4E,KANAKY ROLL,http://www.facebook.com/kannakyroll
SB-REST-AUD-D4DC5DAE,Kchito de Sabor | Tuxtla Gutiérrez,https://www.facebook.com/kchitodesaborsnacksbonelessalitas
SB-REST-AUD-7FC5EE49,Ki-Múul Cafetería Tuxtla - Canirac Chiapas,https://www.facebook.com/kimuulcafeteriamxtuxtla
SB-REST-AUD-DED5031C,Ki-Múul Cafetería Tuxtla | Tuxtla Gutiérrez,https://www.facebook.com/pages/category/Coffee-Shop/Ki-M%C3%BAul-Tuxtla-Guti%C3%A9rrez-106097101528648
SB-REST-AUD-94319F07,Kike.Tacos | Tuxtla Gutiérrez,https://www.facebook.com/p/KikeTacos-100069707175299
SB-REST-AUD-F514A029,kirisuto sushi | Tuxtla Gutiérrez,https://www.facebook.com/kirisuto685
SB-REST-AUD-13DF6A87,La Bendición Cafetería | Tuxtla Gutiérrez Centro,https://www.facebook.com/labendicioncafeteria
SB-REST-AUD-0D916544,La Bocabarra | Tuxtla Gutiérrez,https://www.facebook.com/p/La-Bocabarra-100027942717172
SB-REST-AUD-9E2047AC,La Cabaña Restaurante | Tuxtla Gutiérrez,https://www.facebook.com/p/La-Caba%C3%B1a-Restaurante-100092201888281
SB-REST-AUD-614BCB8C,La Cabañita Mirador,https://www.facebook.com/Cocinatradicionalzoque
SB-REST-AUD-551D3168,La Calabaza Restaurant | Tuxtla Gutiérrez,https://www.facebook.com/p/La-Calabaza-Restaurant-100029707009392
SB-REST-AUD-CA1CB2D1,La Campesina cocina tradicional,https://www.facebook.com/people/La-Campesina-Restaurante-Tradicional/61552168863739
SB-REST-AUD-81931D93,La capital pizzas y snacks Tuxtla | Tuxtla Gutiérrez,https://www.facebook.com/lacapitalberriozabal
SB-REST-AUD-6CCFCFDA,La Carreta Restaurant & Grill | Tuxtla Gutiérrez,https://www.facebook.com/RestaurantLaCarretaOficial
SB-REST-AUD-819F0AA0,La Casa con Alitas,https://www.facebook.com/LaCasaConAlitasTuxtla
SB-REST-AUD-B3F177B5,La casa con alitas | Tuxtla Gutiérrez,https://www.facebook.com/p/La-casa-con-alitas-61580142831410
SB-REST-AUD-43AB6FBB,La Casa de las Alitas,https://m.facebook.com/LaCasaDeLasAlitass
SB-REST-AUD-4F3B738B,La Casa De Las Alitas | Tuxtla Gutiérrez,https://www.facebook.com/LaCasaDeLasAlitass
SB-REST-AUD-29D69B84,La casa de las hamburguesas | Tuxtla Gutiérrez,https://www.facebook.com/p/La-casa-de-las-hamburguesas-61558729895418
SB-REST-AUD-EE6FD090,La caseta | Tuxtla Gutiérrez,https://www.facebook.com/lacasetafastfood
SB-REST-AUD-6CA1D44F,La Casita Cenaduría,https://www.facebook.com/Cena.lacasita
SB-REST-AUD-121D5FF5,La Casita de Evis,https://www.facebook.com/casa.evis
SB-REST-AUD-73860CF9,La Casona Gourmet,https://www.facebook.com/LaCasonaGourmt
SB-REST-AUD-0D16995C,La Cevichería | Tuxtla Gutiérrez,https://www.facebook.com/lacevicheriatux
SB-REST-AUD-33B5CAC9,La Cocina del Portón,https://www.facebook.com/CocinadelPorton
SB-REST-AUD-D697581D,LA CONQUISTA,https://www.facebook.com/LaConquistaRestauranteFamiliar
SB-REST-AUD-6B9AB15A,La doce restaurant marisqueria y botanas | Tuxtla Gutiérrez,https://www.facebook.com/ladocerestaurant
SB-REST-AUD-8EB22D22,La Esphera Café | Tuxtla Gutiérrez,https://www.facebook.com/LaEspheraCafe
SB-REST-AUD-E2C79393,La Esquina del Café | Tuxtla Gutiérrez,https://www.facebook.com/La.Esquina.del.Cafe.Chiapas
SB-REST-AUD-4811DC51,"LA ESQUINA, hamburguesas & hot dogs",https://m.facebook.com/La-esquina-hamburguesas-y-hot-dogs-103713438072084
SB-REST-AUD-6FBCFABB,"La Estación Plaza Ámbar - Home - Tuxtla Gutiérrez, Chiapas",https://www.facebook.com/948625158620998
SB-REST-AUD-353F3EBD,La farandula | Tuxtla,https://www.facebook.com/lafarandulatacos
SB-REST-AUD-BBA9BA1A,La Flamita MIXE Taqueria | Tuxtla Gutiérrez,https://www.facebook.com/p/La-Flamita-MIXE-Taqueria-100055532900454
SB-REST-AUD-E68FB936,La Fábrica Cafetería | Tuxtla Gutiérrez,https://www.facebook.com/p/La-F%C3%A1brica-Cafeter%C3%ADa-100063654951750
SB-REST-AUD-35C14E6F,La isla tacos De Picaña Tuxtla Gutierrez La Herradura,https://www.facebook.com/pages/La-isla-tacos-De-Pica%C3%B1a-Tuxtla-Gutierrez-La-Herradura/165880747298783
SB-REST-AUD-FB90FC82,La Lomita Restaurante,https://www.facebook.com/lalomitabotanera
SB-REST-AUD-7A2F978B,La Lomita Restaurante | Tuxtla Gutiérrez,https://www.facebook.com/lalomitarestaurant
SB-REST-AUD-DDEE7C69,La Macarena Cocina Española | Tuxtla Gutiérrez,https://www.facebook.com/LaMacarenaCocinaEspanola
SB-REST-AUD-279B4673,La Mies | Tuxtla Gutiérrez,https://www.facebook.com/lamiesrestaurante
SB-REST-AUD-34C42904,La Mocte,https://www.facebook.com/LaMOCTE
SB-REST-AUD-682F1376,La Negrita Restaurante | Tuxtla Gutiérrez,https://www.facebook.com/p/La-Negrita-Restaurante-100065499459112
SB-REST-AUD-0AE950C6,La Palapa de Amado,https://m.facebook.com/La-Palapa-De-Amado-138571942984015
SB-REST-AUD-76680F05,La parrilla de Leo | Tuxtla Gutiérrez,https://www.facebook.com/LaParrillaDeLeo1
SB-REST-AUD-2912C571,"La Pecerita, cócteles y ensaladas de mariscos",https://www.facebook.com/p/La-Pecerita-c%C3%B3cteles-y-ensaladas-de-mariscos-100091639728936
SB-REST-AUD-434678F8,La Perrera / Jochos y Hamburguesas | Tuxtla Gutiérrez,https://www.facebook.com/laperrera.jh
SB-REST-AUD-D036CE3B,La Providencia Taquería Popular | Tuxtla Gutiérrez,https://www.facebook.com/taquerialaprovidencia
SB-REST-AUD-09B341B2,La Roma Taquería - Suaderia. | Tuxtla Gutiérrez,https://www.facebook.com/LaRomaSuaderia
SB-REST-AUD-567E516A,LA SANTA tacos,https://facebook.com/pg/tacoslasanta/menu
SB-REST-AUD-7824E85B,La Santa TACOS | Tuxtla Gutiérrez,https://www.facebook.com/tacoslasanta
SB-REST-AUD-6EA652EE,La Tablita Taquería,https://www.facebook.com/La-Tablita-Taquer%C3%ADa-601456480051197
SB-REST-AUD-86D580D1,La Vistilla | Tuxtla Gutiérrez,https://www.facebook.com/LaVistillaPizzeria
SB-REST-AUD-446281C7,La Yaquesita Tacos | Tuxtla Gutiérrez,https://www.facebook.com/layaquesitatacos1
SB-REST-AUD-90B5DF44,Las Alitas De Mamá | Tuxtla Gutiérrez,https://www.facebook.com/p/Las-Alitas-De-Mam%C3%A1-100090102373035
SB-REST-AUD-2019FF5C,Las Alitas Tuxtla-Chiapas | Tuxtla Gutiérrez,https://www.facebook.com/LasAlitasTuxtla
SB-REST-AUD-B87F8A94,Las campesinas,https://www.facebook.com/Las-campesinas-1926939864081878
SB-REST-AUD-59698D94,Las Canastas | Tuxtla Gutiérrez,https://www.facebook.com/lascanastasrestaurante
SB-REST-AUD-3BDF537E,Layros Pizza | Tuxtla Gutiérrez,https://www.facebook.com/p/Layros-Pizza-61575885601078
SB-REST-AUD-E280C766,Letra Cafetería | Tuxtla Gutiérrez,https://www.facebook.com/p/Letra-Cafeter%C3%ADa-100066822618000
SB-REST-AUD-13021468,LIDOS PIZZA Tuxtla Gutiérrez Chiapas,https://www.facebook.com/p/LIDOS-PIZZA-Tuxtla-Guti%C3%A9rrez-Chiapas-100091615390374
SB-REST-AUD-62F321A2,Lidos Pizza Tuxtla Terán (@61566761820350) - Mentions,https://www.facebook.com/61566761820350
SB-REST-AUD-D17B126A,Like Pizza | Tuxtla Gutiérrez,https://www.facebook.com/LikePizza7
SB-REST-AUD-6EA55C14,Lom Lek Café | Tuxtla Gutiérrez,https://www.facebook.com/LomLekCafe
SB-REST-AUD-B81235E4,London Pint Bar Tuxtla,https://www.facebook.com/p/London-Pint-Bar-Tuxtla-100054543006570
SB-REST-AUD-4D6072B3,Los Brous Hamburgueseria Artesanal | Tuxtla Gutiérrez,https://www.facebook.com/losbroustux
SB-REST-AUD-266F14B5,Los De Guisado Tacos | Tuxtla Gutiérrez,https://www.facebook.com/Losdeguisadotacostuxtla
SB-REST-AUD-199438F4,Los Jochos Del Ocho Libramiento Sur,https://www.facebook.com/losjochosdel8
SB-REST-AUD-45EA7359,Los Morales Tacos (@61554840669653) - Mentions,https://www.facebook.com/61554840669653
SB-REST-AUD-082D635A,Los Morales Tacos | Tuxtla Gutiérrez,https://www.facebook.com/p/Los-Morales-Tacos-61554840669653
SB-REST-AUD-219A480F,Los Rabanitos | Tuxtla Gutiérrez,https://www.facebook.com/losrabanitostaqueria
SB-REST-AUD-20638A74,Los Tamarindos. Restaurante y alberca | Tuxtla Gutiérrez,https://www.facebook.com/LosTamarindosp
SB-REST-AUD-7BD6F6BE,Los Weros Terán Barbacoa y Cochito a La Leña | Tuxtla ...,https://www.facebook.com/cochimecotacos.teran
SB-REST-AUD-6E42D72B,LUCKY comida China | Tuxtla Gutiérrez,https://www.facebook.com/p/LUCKY-comida-China-61556777277198
SB-REST-AUD-6951E6E8,Mamma Mia Pizzería | Tuxtla Gutiérrez,https://www.facebook.com/p/Mamma-Mia-Pizzer%C3%ADa-100057634352157
SB-REST-AUD-74FDC512,Maneki Neko,https://www.facebook.com/Manekineko.tux
SB-REST-AUD-B4BDDB82,Maria Maria Terraza Bar | Tuxtla Gutiérrez,https://www.facebook.com/MariaMariaTerrazaBar
SB-REST-AUD-E28F86EA,"Mariscos a Domicilio Tuxtla Gutiérrez, Chiapas",https://www.facebook.com/MariscosPuertoProgresoTuxtla
SB-REST-AUD-1EC1EFBB,Mariscos Chuchin. | Tuxtla Gutiérrez,https://www.facebook.com/MariscoChuchin
SB-REST-AUD-206423AD,Mariscos El Aliviane | Tuxtla Gutiérrez,https://www.facebook.com/p/Mariscos-El-Aliviane-61579237934393
SB-REST-AUD-B2C1EF17,Marisqueria EL DELFÍN DE LUCIO,https://www.facebook.com/marisqueriaeldelfindelucio
SB-REST-AUD-83009BA7,Marisquería EL DELFÍN DE LUCIO (ANCIANOS),https://www.facebook.com/marisqueriaeldelfindelucio
SB-REST-AUD-D3E65531,Marisquería Marvin 9na Sur,https://www.facebook.com/marisqueria.marvin.986
SB-REST-AUD-B69CC2C3,McCarthy's Irish Pub | Tuxtla Gutiérrez,https://www.facebook.com/McCarthysAmbarFashionMall
SB-REST-AUD-B761C236,Mejican pizza | Tuxtla Gutiérrez,https://www.facebook.com/mejicanpizza
SB-REST-AUD-720A0B33,Meshiroll,https://www.facebook.com/share/18PSWscWZM
SB-REST-AUD-44AFAA58,Mexa Cafetería | Tuxtla Gutiérrez,https://www.facebook.com/p/Mexa-Cafeter%C3%ADa-61577781597439
SB-REST-AUD-33223DE2,Mia pizza | Tuxtla Gutiérrez,https://www.facebook.com/Miapizza.eslapizza
SB-REST-AUD-686C618B,Miches & Alitas | Tuxtla Gutiérrez,https://www.facebook.com/61550706855384
SB-REST-AUD-19F332E2,Mirto Pizzas & Pastas | Tuxtla Gutiérrez,https://www.facebook.com/p/Mirto-Pizzas-Pastas-100089936393466
SB-REST-AUD-E81A6613,Misakiko Burgers | Tuxtla Gutiérrez,https://www.facebook.com/MisakikoBurgersandDrinks
SB-REST-AUD-4CFF0FCC,Miss Alitas | Tuxtla Gutiérrez,https://www.facebook.com/100085291200926
SB-REST-AUD-6BE0E32F,Mister Sushi Tuxtla | Tuxtla Gutiérrez,https://www.facebook.com/mistersushituxtla
SB-REST-AUD-75AD07DF,MoLi Café | Tuxtla Gutiérrez,https://www.facebook.com/cafemoli
SB-REST-AUD-5C583155,Monte frio restaurante | Tuxtla Gutiérrez,https://www.facebook.com/p/Monte-frio-restaurante-61558007926849
SB-REST-AUD-FF4A2B15,"Morelia Tacos y Gorditas - Tuxtla Gutiérrez, Chiapas",https://www.facebook.com/Moreliatacosygordas
SB-REST-AUD-53B48B47,Motha's hamburgueseria,https://www.facebook.com/mothasburguer
SB-REST-AUD-3F29A018,Mr. Cat,https://m.facebook.com/Mr.CatBurger
SB-REST-AUD-B7DDBD53,Mr. Scrabyd Marisquería Estilo Luisiana,https://www.facebook.com/mr.scrabyd
SB-REST-AUD-6F100F48,"Muebles y cubiertas para Cocinas Integrales en Tuxtla Gtz, ...",https://www.facebook.com/mueblesmodernosysuperficiessolidasestrada
SB-REST-AUD-4695FA9B,"Munchies land ""pizzas y makis"" | Tuxtla Gutiérrez",https://www.facebook.com/muchies.land
SB-REST-AUD-F113A285,Museo del Café de Chiapas | Tuxtla Gutiérrez,https://www.facebook.com/museodelcafedechiapas
SB-REST-AUD-9E2CDAE6,Muu Burgers Smash Tuxtla | Tuxtla Gutiérrez,https://www.facebook.com/p/Muu-Burgers-Smash-Tuxtla-61573901337868
SB-REST-AUD-90F3AF4F,Nakamura Cocina (@Nakamuracocina),https://www.facebook.com/Nakamuracocina
SB-REST-AUD-8C4ACD74,Napoles pizza | Tuxtla Gutiérrez,https://www.facebook.com/NAPOLESPIZZATUXTLA
SB-REST-AUD-7E8D3D18,Nat Mariscos | Tuxtla Gutiérrez,https://www.facebook.com/people/Nat-Mariscos/61588227272952
SB-REST-AUD-B0EE3FEB,Non Italian pizzería | Tuxtla Gutiérrez,https://www.facebook.com/nonitalianpizzeria
SB-REST-AUD-0A89233A,Oh si Alitas & Makis | Tuxtla Gutiérrez,https://www.facebook.com/p/Oh-si-Alitas-Makis-61572459711473
SB-REST-AUD-A87A8FA8,Oinari | Tuxtla Gutiérrez,https://www.facebook.com/greatfoodchillvibes
SB-REST-AUD-6D4E0793,Ola Mar - Mariscos & Sabor | Tuxtla Gutiérrez,https://www.facebook.com/Olamar.mariscos
SB-REST-AUD-3EC23E87,ONLY WINGS | Tuxtla Gutiérrez,https://www.facebook.com/100078982751829
SB-REST-AUD-E28FBE6C,Orange Hamburguesas al carbón | Tuxtla Gutiérrez,https://www.facebook.com/p/Orange-Hamburguesas-al-carb%C3%B3n-100083827871166
SB-REST-AUD-820018EF,Palermo Marimba | Tuxtla Gutiérrez,https://www.facebook.com/palermopizzasargentinas
SB-REST-AUD-D7F73714,Palermo Pizzas 24 de Junio | Tuxtla Gutiérrez,https://www.facebook.com/Palermo24dejunio
SB-REST-AUD-27EE3ED6,Panda Sushi | Tuxtla Gutiérrez,https://www.facebook.com/pandasushituxtla
SB-REST-AUD-CB25EA95,Pejelagarto Restaurante Caguameria | Tuxtla Gutiérrez,https://www.facebook.com/p/Pejelagarto-Restaurante-Caguameria-100063662344590
SB-REST-AUD-F6F69FEF,Pepe Peppers Wings Tuxtla | Tuxtla Gutiérrez,https://www.facebook.com/PepePeppersTuxtla
SB-REST-AUD-F4856053,Pepe's pizza | Tuxtla Gutiérrez,https://www.facebook.com/pepespizzalaoficial
SB-REST-AUD-A8F25340,"Pescados y Mariscos Krishna ""La güera"" | Tuxtla Gutiérrez",https://www.facebook.com/p/Pescados-y-Mariscos-Krishna-La-g%C3%BCera-100057341623784
SB-REST-AUD-E5CC86C9,Pescados y Mariscos “Oelito” Local 31 y 32,https://www.facebook.com/share/1XnPVi3Rg1
SB-REST-AUD-71AB322C,"Piamonte, Pizzas + Galería | Tuxtla Gutiérrez",https://www.facebook.com/PiamontePizzasGaleria
SB-REST-AUD-44D299FE,Picolo'S Pizzeria Palmas | Tuxtla Gutiérrez,https://www.facebook.com/picolospalmas
SB-REST-AUD-F6F773AC,Picolo'SPizzeriaBoulevard | Tuxtla Gutiérrez,https://www.facebook.com/Picolosboulevard
SB-REST-AUD-A6BD3BD1,Picolos Pizzeria Las Palmas - Home,https://www.facebook.com/pages/Picolos-Pizzeria-Las-Palmas/648937305273128
SB-REST-AUD-A92F4993,Pisca de Mar | Tuxtla Gutiérrez,https://www.facebook.com/RestaurantePiscadeMaryTierra
SB-REST-AUD-9C95C04A,Pizza luigi's Tuxtla | Tuxtla Gutiérrez,https://www.facebook.com/100083291383753
SB-REST-AUD-FF1FB8A6,Pizzas Merlinda - హోమ్,https://www.facebook.com/pages/Pizzas-Merlinda/1440993726130831
SB-REST-AUD-C660DF80,"Pizzería El Punto - Home - Tuxtla Gutiérrez, Chiapas",https://www.facebook.com/116756382389415
SB-REST-AUD-A75F684A,Pizzería Luna | Tuxtla Gutiérrez,https://www.facebook.com/61553673758414
SB-REST-AUD-73F585D5,Pochota café (@pochotacafe),https://www.facebook.com/pochotacafe
SB-REST-AUD-43B72F08,Pollo Brujo Chiapas (@Pollobrujoch) - Tuxtla Gutiérrez,https://www.facebook.com/Pollobrujoch
SB-REST-AUD-113C8A64,Portofino Mariscos | Tuxtla Gutiérrez,https://www.facebook.com/portofinomariscos
SB-REST-AUD-9681244D,Pozoleria Susy | Tuxtla Gutiérrez,https://www.facebook.com/p/Pozoleria-Susy-61574710079620
SB-REST-AUD-02767F0E,Praga Arboledas,https://www.facebook.com/praga.arboledas
SB-REST-AUD-5E76E882,Pícaro's Pizza - Tuxtla Gutierrez,https://www.facebook.com/p/P%C3%ADcaros-Pizza-Tuxtla-Gutierrez-61576619758316
SB-REST-AUD-FBB2A8D4,Que show “Hamburguesas y Hot Dogs”,https://www.facebook.com/p/Que-show-Hamburguesas-y-Hot-Dogs-Oficial-61551874440829
SB-REST-AUD-E92ED4CB,Quikin Carnes Asadas & Hamburguesas | Tuxtla Gutiérrez,https://www.facebook.com/quikin.mr
SB-REST-AUD-4A8E6F42,Quinta Chiapas Restaurante | Tuxtla Gutiérrez,https://www.facebook.com/bugambilias.quintachiapas
SB-REST-AUD-950545A3,"Restaurant ""Carmelitas"" | Tuxtla Gutiérrez",https://www.facebook.com/RestaurantCarmelitas
SB-REST-AUD-995822B7,"Restaurant Bar ""Las Pepitas 2.""en El Vergel - Home",https://www.facebook.com/pages/Restaurant-Bar-Las-Pepitas-2en-El-Vergel/534013170124839
SB-REST-AUD-4DA96764,Restaurant Bar El Cocoliso,https://www.facebook.com/p/Restaurant-Bar-El-Cocoliso-100060054079391
SB-REST-AUD-909E63F5,Restaurant Campestre Los Cuates JJ,https://www.facebook.com/p/Restaurant-Campestre-Los-Cuates-JJ-100076416801097
SB-REST-AUD-CC733C10,Restaurant Hong Kong | Tuxtla Gutiérrez,https://www.facebook.com/HongKongTuxtla
SB-REST-AUD-6AA6F19C,Restaurant JR | Tuxtla Gutiérrez,https://www.facebook.com/RestauranteBarJR
SB-REST-AUD-AF20B38C,Restaurant La Sexta. R. | Tuxtla Gutiérrez,https://www.facebook.com/lasextarestaurant
SB-REST-AUD-1FF30AC6,"Restaurante ""El Canillas"" | Tuxtla Gutiérrez",https://www.facebook.com/ElCanillas
SB-REST-AUD-4CF8AEF3,Restaurante Bar Peko | Tuxtla Gutiérrez,https://www.facebook.com/RestauranteBarPeko
SB-REST-AUD-34B0E32A,"Restaurante Botanero Familiar “El úa úa"" | Tuxtla Gutiérrez",https://www.facebook.com/botaneroeluaua
SB-REST-AUD-37200728,Restaurante Buenos Aires Teran | Tuxtla Gutiérrez,https://www.facebook.com/p/Restaurante-Buenos-Aires-Teran-100057074755532
SB-REST-AUD-4B598AEC,Restaurante Condimento Marriott Tuxtla,https://www.facebook.com/CondimentoMarriottTuxtla
SB-REST-AUD-56CA81D0,Restaurante el Canto de la Rana | Tuxtla Gutiérrez,https://www.facebook.com/RestauranteElCantoDeLaRana
SB-REST-AUD-A6C1E4CC,Restaurante El Jardín | Tuxtla Gutiérrez,https://www.facebook.com/El.jardin.tuxtla
SB-REST-AUD-9EB71EDB,Restaurante El Más Mejor | Tuxtla Gutiérrez,https://www.facebook.com/RestauranteElmasmejor
SB-REST-AUD-FCACD16F,"Restaurante familiar ""El mirador"" | Tuxtla Gutiérrez",https://www.facebook.com/p/Restaurante-familiar-El-mirador-61571049261968
SB-REST-AUD-BD025A60,Restaurante La Magdalena Oriente,https://www.facebook.com/La-Magdalena-Cocina-Cantina-Mexicana-180710922127035
SB-REST-AUD-DE0897D0,Restaurante La NORIA Tuxtla | Tuxtla Gutiérrez,https://www.facebook.com/LaNoriaTGZ
SB-REST-AUD-EA122BE0,Restaurante Las Pichanchas (@restaurante.laspichanchas),https://www.facebook.com/restaurante.laspichanchas
SB-REST-AUD-3B7E5D9C,Restaurante Las Pichanchas | Tuxtla Gutiérrez,https://www.facebook.com/PichanchasTuxtlaCentro
SB-REST-AUD-1E775B17,Restaurante Marca Chiapas | Tuxtla Gutiérrez,https://www.facebook.com/restaurantemarcachiapas
SB-REST-AUD-B597CB41,Restaurante Rancho Los Robles | Tuxtla Gutiérrez,https://www.facebook.com/p/Restaurante-Rancho-Los-Robles-61566641441343
SB-REST-AUD-F495B06F,Restaurante Sal y Pimienta San Fernando,https://www.facebook.com/p/Restaurante-Sal-y-Pimienta-San-Fernando-61557903117939
SB-REST-AUD-5C421253,Restaurante y marisqueria conchalito,https://m.facebook.com/Marisqueriaconchalito
SB-REST-AUD-6C76CE4F,Restaurante y Marisquería Costas del Sol | Tuxtla Gutiérrez,https://www.facebook.com/costasdelsoloficial
SB-REST-AUD-BB802A35,Restaurante Zuñiga's | Tuxtla Gutiérrez,https://www.facebook.com/100063542142136
SB-REST-AUD-19544167,Restaurante Zúñiga's - Comida Regional.,https://www.facebook.com/ZunigasRestaurante
SB-REST-AUD-C28BB064,Rizo Coctelería | Tuxtla Gutiérrez,https://www.facebook.com/RizoCocteleria
SB-REST-AUD-66C70213,Romero Restaurante | Tuxtla Gutiérrez,https://www.facebook.com/RomeroTux
SB-REST-AUD-14EE9F2D,Royal Burger | Tuxtla Gutiérrez,https://www.facebook.com/royalburgertux
SB-REST-AUD-80E588D8,Ruko's Bar Tuxtla | Tuxtla Gutiérrez,https://www.facebook.com/Rukostuxtla
SB-REST-AUD-283B4D37,Sagrario Restaurante Bistro & Bar | Tuxtla Gutiérrez,https://www.facebook.com/Sagrariorestaurantebistrobar
SB-REST-AUD-B042E0FF,Santo Carbón | Cenaduría,https://www.facebook.com/share/1DoFg1BUCL
SB-REST-AUD-DDC38A45,Santo pecado tacos | Tuxtla Gutiérrez,https://www.facebook.com/p/Santo-pecado-tacos-61571808901787
SB-REST-AUD-0EA7BA8C,Semilla Restaurante | Tuxtla Gutiérrez,https://www.facebook.com/SemillaRestauranteMX
SB-REST-AUD-8E208BD3,Sensei Sushi Bar - Plaza Palmas,https://www.facebook.com/SenseiTuxtla
SB-REST-AUD-32846800,Sensei Sushi Bar - Tuxtla Gtz,https://www.facebook.com/SenseiTuxtla
SB-REST-AUD-71C220EA,Sensei Sushi Bar Tuxtla Gutierrez - Home,https://www.facebook.com/226785317724393
SB-REST-AUD-3940C98B,Sensoralia Café con Propósito | Tuxtla Gutiérrez,https://www.facebook.com/sensoraliacafeconproposito
SB-REST-AUD-59FF0378,Sibarita Restaurante | Tuxtla Gutiérrez,https://www.facebook.com/Sibaritarest
SB-REST-AUD-BC708108,Sin Cubiertos,https://www.facebook.com/Sin-Cubiertos-110045613958617
SB-REST-AUD-17A32725,Sin Querer Queriendo Taqueria | Tuxtla Gutiérrez,https://www.facebook.com/p/Sin-Querer-Queriendo-Taqueria-61579442586017
SB-REST-AUD-8350555D,Sión Café,https://www.facebook.com/cafeteriasioon
SB-REST-AUD-D3BC2F39,Snack's 16/88,https://www.facebook.com/Snacks-1688-611216056065793
SB-REST-AUD-D603930A,Suri Guzmán cocina tradicional | Copoya,https://www.facebook.com/suriguzm
SB-REST-AUD-64EF7F5E,Sushi Itto | Tuxtla Gutiérrez,https://www.facebook.com/p/Sushi-Itto-61564216936292
SB-REST-AUD-2612ED8E,Sushi L & C Tuxtla Chico,https://www.facebook.com/Sushilctuxch
SB-REST-AUD-9ECD8DC0,SUSHISIMO | Tuxtla Gutiérrez,https://www.facebook.com/Sushisimo
SB-REST-AUD-31250F46,Sweetie and Salad,https://www.facebook.com/Sweetie-salad-458708181589075
SB-REST-AUD-5957F195,Taco Ciro's | Tuxtla Gutiérrez,https://www.facebook.com/tacocirostuxtla
SB-REST-AUD-059BA85E,Taco Loco | Tuxtla Gutiérrez,https://www.facebook.com/p/Taco-Loco-100094716219234
SB-REST-AUD-EAFB161A,Taco Luchón | Tuxtla Gutiérrez,https://www.facebook.com/TacosLuchon
SB-REST-AUD-591F7CC3,Taco Marino | Tuxtla Gutiérrez,https://www.facebook.com/TacoMarinoChiapas
SB-REST-AUD-CF1D6898,Tacos Bruno | Tuxtla Gutiérrez,https://www.facebook.com/p/Tacos-Bruno-61587508363385
SB-REST-AUD-02856764,Tacos CDMX | Tuxtla Gutiérrez,https://www.facebook.com/TACOSCDMXTUX
SB-REST-AUD-2F6E9EE0,Tacos de Cabeza | Tuxtla Gutiérrez,https://www.facebook.com/TacosdeCabezaRicos
SB-REST-AUD-CD6A192A,Tacos de Canasta Don Paco,https://es-la.facebook.com/tacosdecanastadonpaco
SB-REST-AUD-BE4E857F,Tacos de Canasta Don Paco | Tuxtla Gutiérrez,https://www.facebook.com/tacosdecanastadonpaco
SB-REST-AUD-83826D77,Tacos del Barrio-Tuxtla | Tuxtla Gutiérrez,https://www.facebook.com/p/Tacos-del-Barrio-Tuxtla-61555808273835
SB-REST-AUD-4DB29D43,"Tacos El Rodeo - Home - Tuxtla Gutiérrez, Chiapas",https://www.facebook.com/pages/Tacos-El-Rodeo/320041618142975
SB-REST-AUD-51DB1924,"Tacos La Parroquia - Home - Tuxtla Gutiérrez, Chiapas",https://www.facebook.com/pages/Tacos-La-Parroquia/268727510266515
SB-REST-AUD-48068A7D,Tacos Laguitos | Tuxtla Gutiérrez,https://www.facebook.com/lulawok
SB-REST-AUD-65CD6CB0,Tacos Los Cenizos (@61582757072519) - Mentions,https://www.facebook.com/61582757072519
SB-REST-AUD-47CFB7FC,Tacos Parroquia | Tuxtla Gutiérrez,https://www.facebook.com/TACOSParroquia
SB-REST-AUD-3392B615,Tacos Pau | Tuxtla Gutiérrez,https://www.facebook.com/p/Tacos-Pau-100078999232392
SB-REST-AUD-83E9D040,"Tacos pawero Teran - Home - Tuxtla Gutiérrez, Chiapas",https://www.facebook.com/408121492901006
SB-REST-AUD-8B867DE9,Tacos Santa Fe | Tuxtla Gutiérrez,https://www.facebook.com/TacosSantaFee
SB-REST-AUD-EB9E7B9C,TACOS Tijuana | Tuxtla Gutiérrez,https://www.facebook.com/p/TACOS-Tijuana-100057428380022
SB-REST-AUD-62F84FAF,Tacos Tía Juana | Tuxtla Gutiérrez,https://www.facebook.com/TacosTiaJuana
SB-REST-AUD-10714B1E,"Tacos Vale ""Telmex"" | Tuxtla Gutiérrez",https://www.facebook.com/p/Tacos-Vale-Telmex-100063592720330
SB-REST-AUD-6718AB00,TACOS WILLY | Tuxtla Gutiérrez,https://www.facebook.com/KAWI.MAKIS
SB-REST-AUD-AC13A093,"Tacos Y Antojitos ""Doña Ave""",https://www.facebook.com/TaquitosyAntojitosDAve
SB-REST-AUD-D370EF95,Tacos Y Consomés De Cabeza De Res | Tuxtla Gutiérrez,https://www.facebook.com/p/Tacos-Y-Consom%C3%A9s-De-Cabeza-De-Res-100054449381351
SB-REST-AUD-017D56D6,"Tacos Y Quesadillas ""lalo"" | Tuxtla Gutiérrez",https://www.facebook.com/61574656441969
SB-REST-AUD-23B0D4CF,"Tacos Árabes ""El Güero Califa"". | Tuxtla Gutiérrez",https://www.facebook.com/TacosArabesGueroCalifa
SB-REST-AUD-BA96FE03,Tacos Árabes Halif Oriente | Tuxtla Gutiérrez,https://www.facebook.com/p/Tacos-%C3%81rabes-Halif-Oriente-100094499084724
SB-REST-AUD-FCCE59A0,Taferdi Pescados y mariscos | Tuxtla Gutiérrez,https://www.facebook.com/taferdituxtla
SB-REST-AUD-3EFA9F7E,"Taqueria ""El Cochimeco"" | Tuxtla Gutiérrez Centro",https://www.facebook.com/tacoselcochimeco
SB-REST-AUD-71740486,"Taqueria ""La Mamerta"" | Tuxtla Gutiérrez",https://www.facebook.com/p/Taqueria-La-Mamerta-100070938138185
SB-REST-AUD-8884F342,Taqueria Artemio | Tuxtla Gutiérrez,https://www.facebook.com/tacosartemio
SB-REST-AUD-E1E50DC3,Taqueria Conchita,https://www.facebook.com/pages/Taqueria-Conchita/543692252500010
SB-REST-AUD-A9FEDDDE,Taqueria Don Alvarito (@DonAlvaritoo),https://www.facebook.com/DonAlvaritoo
SB-REST-AUD-8F44346C,Taqueria El Colocho | Tuxtla Gutiérrez,https://www.facebook.com/p/Taqueria-El-Colocho-100088119235940
SB-REST-AUD-F4A8B86D,Taqueria el gordo | Tuxtla Gutiérrez,https://www.facebook.com/elgordotacosybirria
SB-REST-AUD-BE40E02F,Taqueria El norteño | Tuxtla Gutiérrez,https://www.facebook.com/p/Taqueria-El-norte%C3%B1o-61565755720127
SB-REST-AUD-32B606F7,Taqueria Garibaldi | Tuxtla Gutiérrez,https://www.facebook.com/p/Taqueria-Garibaldi-100063616868752
SB-REST-AUD-ED98FC63,Taqueria Juquilita Tuxtla | Tuxtla Gutiérrez,https://www.facebook.com/p/Taqueria-Juquilita-Tuxtla-100063803821794
SB-REST-AUD-4D4000B6,Taqueria La Carpita | Tuxtla Gutiérrez,https://www.facebook.com/p/Taqueria-La-Carpita-61579811484211
SB-REST-AUD-BA1DD1D2,Taqueria La Chiapanequita | Tuxtla Gutiérrez,https://www.facebook.com/taquerialachiapanequita
SB-REST-AUD-D73F2C7B,Taqueria La Fuente | Tuxtla Gutiérrez,https://www.facebook.com/p/Taqueria-La-Fuente-Oficial-100057443019136
SB-REST-AUD-3DB22941,Taqueria Los Brodis Tuxtla | Tuxtla Gutiérrez,https://www.facebook.com/taquerialosbrodis
SB-REST-AUD-D32C335A,Taqueria Los Chilangos | Tuxtla Gutiérrez,https://www.facebook.com/taqueriaLosChilango
SB-REST-AUD-EA57EFE9,Taqueria Los Jarritos 2 | Tuxtla Gutiérrez,https://www.facebook.com/losjarritos2
SB-REST-AUD-EEAAB8B3,Taqueria SI HAY | Tuxtla Gutiérrez,https://www.facebook.com/taqueriasihayy
SB-REST-AUD-EDA067D6,"Taquería ""EL TORO LOCO"" | Tuxtla Gutiérrez",https://www.facebook.com/p/Taquer%C3%ADa-EL-TORO-LOCO-61578552781620
SB-REST-AUD-C39BB012,Taquería Colocho (@taqueriaelcolocho),https://www.facebook.com/taqueriaelcolocho
SB-REST-AUD-F4067236,Taquería Don Rafa | Tuxtla Gutiérrez,https://www.facebook.com/donrafataqueria
SB-REST-AUD-699BB6BE,Taquería el barrio | Tuxtla Gutiérrez,https://www.facebook.com/ElBarrio.taqueria
SB-REST-AUD-A6BF5C24,Taquería El Sazón Tuxtleco | Tuxtla Gutiérrez,https://www.facebook.com/p/Taquer%C3%ADa-El-Saz%C3%B3n-Tuxtleco-61552369557957
SB-REST-AUD-10FEE739,Taquería El Taco Loco,http://www.facebook.com/taqueriatacoloco
SB-REST-AUD-7C8476CD,Taquería Higinio “Los Tacos del Taco” | Tuxtla Gutiérrez,https://www.facebook.com/p/Taquer%C3%ADa-Higinio-Los-Tacos-del-Taco-61589272026762
SB-REST-AUD-3D93354A,Taquería Insurgentes | Tuxtla Gutiérrez,https://www.facebook.com/Taqueriainsurgentestuxtla
SB-REST-AUD-85DE260F,TAQUERÍA LA FLAMITA MIXE,https://www.facebook.com/share/1BkNX9yQiq
SB-REST-AUD-C6549470,Taquería Los Cochinitos | Tuxtla Gutiérrez,https://www.facebook.com/p/Taquer%C3%ADa-Los-tres-Cochinitos-100093556851008
SB-REST-AUD-25064FA8,Taquería Los Ángeles | Tuxtla Gutiérrez,https://www.facebook.com/p/Taquer%C3%ADa-Los-%C3%81ngeles-100066423229030
SB-REST-AUD-A507114F,Taquería Lupita 24 de junio | Tuxtla Gutiérrez,https://www.facebook.com/p/Taquer%C3%ADa-Lupita-24-de-junio-100083317692089
SB-REST-AUD-BDB1B809,Taquería Madrigal 2 | Tuxtla Gutiérrez,https://www.facebook.com/TaqueriaMadrigal2
SB-REST-AUD-FFB65B52,Taquería Mi Gusto Es | Tuxtla Gutiérrez,https://www.facebook.com/taqueriamigustoestuxtla
SB-REST-AUD-6DF38E1D,Taquería Sonic Terán | Tuxtla Gutiérrez,https://www.facebook.com/p/Taquer%C3%ADa-Sonic-Ter%C3%A1n-61554607028693
SB-REST-AUD-B0691C69,Taquería SONIC | Tuxtla Gutiérrez,https://www.facebook.com/p/Taquer%C3%ADa-SONIC-100085226494327
SB-REST-AUD-A1559906,Taquitos Casa Blanca 2 Suc Panteón,https://m.facebook.com/taquitoscasablancapanteon
SB-REST-AUD-595E2ED8,Taquitos de la Comisión (16 Poniente),http://www.facebook.com/TaquitosDeLaComision
SB-REST-AUD-1389D16A,TBN Burgers Marimba | Tuxtla Gutiérrez,https://www.facebook.com/TBNburgersmarimba
SB-REST-AUD-CB49A922,Terrazza Café - Poniente | Tuxtla Gutiérrez,https://www.facebook.com/terrazza.cafe.tuxtla
SB-REST-AUD-D27265F1,"Teté, Amor por la cocina de hogar | Tuxtla Gutiérrez",https://www.facebook.com/tete.amorporlacocina.sancris
SB-REST-AUD-1496AEB3,The Boss Hamburguesas,https://www.facebook.com/share/18ZsvnsC5b
SB-REST-AUD-EF2178AA,Tierra Sana,https://www.facebook.com/tierrasana.tgz
SB-REST-AUD-308F3229,Tito's PIZZA | Tuxtla Gutiérrez,https://www.facebook.com/p/Titos-PIZZA-61558368269966
SB-REST-AUD-F947E741,"Tocho, s Hamburguesas gigantes crucero teran",https://www.facebook.com/p/Tocho-s-Hamburguesas-gigantes-crucero-teran-61566025726211
SB-REST-AUD-2938DB18,"Tortas ""Las del Metro"" Tuxtla",https://www.facebook.com/p/Tortas-Las-del-Metro-Tuxtla-61589494673590
SB-REST-AUD-C0EC4702,Totik Cafetería | Tuxtla Gutiérrez,https://www.facebook.com/p/Totik-Cafeter%C3%ADa-61566828577651
SB-REST-AUD-4AD3353B,Tuxtla Gutiérrez - Casa del árbol Pizza & Wings,https://www.facebook.com/casadelarbolpizzaandwings
SB-REST-AUD-EC2070CA,Tuxtla Gutiérrez - Chipotle Pizzería,https://www.facebook.com/347119719395944
SB-REST-AUD-077F7385,Tuxtla Gutiérrez - La Cevichería,https://www.facebook.com/1565084913761948
SB-REST-AUD-9BFE176C,Tuxtla Gutiérrez - Los Originales Tacos de la Coca,https://www.facebook.com/TaquitosdelaCoca
SB-REST-AUD-B0952EC9,Tuxtla Gutiérrez - Museo del Café de Chiapas,https://www.facebook.com/museodelcafedechiapas/albums/198493442730727
SB-REST-AUD-60832290,Tuxtla Gutiérrez - Tacos de Cabeza,https://www.facebook.com/media/set
SB-REST-AUD-6401DE0A,Tuxtla Gutiérrez - Taqueria SI HAY,https://www.facebook.com/taqueriasihayOficial
SB-REST-AUD-6284559E,Tuxtla Gutiérrez - Taquería El Fuereño,https://www.facebook.com/259772540550634
SB-REST-AUD-E2873841,"Tuxtla Gutiérrez, Chiapas - Menu, prices, restaurant reviews",https://www.facebook.com/102444204734116
SB-REST-AUD-23DFC0DF,Unicornias Botanas y Antojitos,https://www.facebook.com/unicorniasbya
SB-REST-AUD-E528D06E,Via Gourmet | Tuxtla Gutiérrez,https://www.facebook.com/ViaGourmetRestaurante
SB-REST-AUD-05EC0954,Villaloma Restaurante | Tuxtla Gutiérrez,https://www.facebook.com/VillalomaRestaurante
SB-REST-AUD-EA87CCDD,Vivanno Cafetería | Tuxtla Gutiérrez Centro,https://www.facebook.com/vivannocafeteria
SB-REST-AUD-7E0142C7,WASABI by Makiroll,https://www.facebook.com/makirollsushi
SB-REST-AUD-06DA21EA,Western Wings Oriente,https://www.facebook.com/westernwingsmx1
SB-REST-AUD-D11E5F06,Western Wings | Tuxtla Gutiérrez,https://www.facebook.com/westernwingsmx1
SB-REST-AUD-30FA52DA,Wild Wings | Tuxtla Gutiérrez,https://www.facebook.com/p/Wild-Wings-61558146467320
SB-REST-AUD-E44A3466,Wings Las Alitas Tuxtla,https://www.facebook.com/TragonDeAlitas
SB-REST-AUD-BF2FBC09,Wings Michs | Tuxtla Gutiérrez,https://www.facebook.com/61565815304353
SB-REST-AUD-50FC4894,Wingstop Tuxtla Gutiérrez,https://www.facebook.com/WingstopTuxtla
SB-REST-AUD-BF9E5600,Winx Alitas | Tuxtla Gutiérrez,https://www.facebook.com/WinxAlitas
SB-REST-AUD-6035A005,WONTON COMIDA CHINA,https://www.facebook.com/WontonRestauranteChino
SB-REST-AUD-DC534D08,XAMA CAFE | Tuxtla Gutiérrez,https://www.facebook.com/p/XAMA-CAFE-61552723471163
SB-REST-AUD-10E2A735,Yaxchilán Restaurante y Cafetería | Tuxtla Gutiérrez,https://www.facebook.com/Yaxchilancafeteria
SB-REST-AUD-E12D2F15,Yo-yi Ramen & Sushi (@yoyiramensushi) - Mentions,https://www.facebook.com/yoyiramensushi
SB-REST-AUD-4F3380DB,𝗩𝗔𝗟𝗨 𝗪𝗜𝗡𝗚𝗦 | Tuxtla Gutiérrez,https://www.facebook.com/valu.alitasyhamburguesas