categoria,url
datos_chiapas,https://www.ceieg.chiapas.gob.mx/info-geografica/101
datos_chiapas,https://www.inegi.org.mx/app/areasgeograficas/?ag=07101
datos_chiapas,https://www.economia.gob.mx/datamexico/es/profile/geo/tuxtla-gutierrez
datos_chiapas,https://www.ceieg.chiapas.gob.mx/info-geografica/12
datos_chiapas,https://www.inegi.org.mx/app/areasgeograficas/?ag=07012
datos_chiapas,https://www.economia.gob.mx/datamexico/es/profile/geo/berriozabal
datos_chiapas,https://www.ceieg.chiapas.gob.mx/info-geografica/78
datos_chiapas,https://www.inegi.org.mx/app/areasgeograficas/?ag=07078
datos_chiapas,https://www.economia.gob.mx/datamexico/es/profile/geo/san-cristobal-de-las-casas
datos_chiapas,https://www.ceieg.chiapas.gob.mx/info-geografica/61
datos_chiapas,https://www.inegi.org.mx/app/areasgeograficas/?ag=07061
datos_chiapas,https://www.economia.gob.mx/datamexico/es/profile/geo/ocozocoautla-de-espinosa
datos_chiapas,https://www.ceieg.chiapas.gob.mx/info-geografica/27
datos_chiapas,https://www.inegi.org.mx/app/areasgeograficas/?ag=07027
datos_chiapas,https://www.economia.gob.mx/datamexico/es/profile/geo/chiapa-de-corzo
datos_chiapas,https://www.ceieg.chiapas.gob.mx/info-geografica/79
datos_chiapas,https://www.inegi.org.mx/app/areasgeograficas/?ag=07079
datos_chiapas,https://www.economia.gob.mx/datamexico/es/profile/geo/san-fernando
datos_chiapas,https://www.ceieg.chiapas.gob.mx/info-geografica/19
datos_chiapas,https://www.inegi.org.mx/app/areasgeograficas/?ag=07019
datos_chiapas,https://www.economia.gob.mx/datamexico/es/profile/geo/comitan-de-dominguez
datos_chiapas,https://www.ceieg.chiapas.gob.mx/info-geografica/89
datos_chiapas,https://www.inegi.org.mx/app/areasgeograficas/?ag=07089
datos_chiapas,https://www.economia.gob.mx/datamexico/es/profile/geo/tapachula
datos_chiapas,https://www.ceieg.chiapas.gob.mx/info-geografica/65
datos_chiapas,https://www.inegi.org.mx/app/areasgeograficas/?ag=07065
datos_chiapas,https://www.economia.gob.mx/datamexico/es/profile/geo/palenque
datos_chiapas,https://www.economia.gob.mx/datamexico/es/profile/geo/chiapas
datos_chiapas,https://www.ceieg.chiapas.gob.mx/info-estadistica/poblacion
datos_chiapas,https://www.ceieg.chiapas.gob.mx/info-estadistica/pobreza
datos_chiapas,https://www.ceieg.chiapas.gob.mx/info-estadistica/salud
datos_chiapas,https://www.ceieg.chiapas.gob.mx/info-estadistica/empleo
datos_chiapas,https://www.ceieg.chiapas.gob.mx/info-estadistica/mujeres
datos_chiapas,https://www.ceieg.chiapas.gob.mx/info-estadistica/economia
datos_chiapas,https://www.ceieg.chiapas.gob.mx/info-estadistica/educacion
datos_chiapas,https://www.ceieg.chiapas.gob.mx/info-estadistica/vivienda
datos_chiapas,https://www.ceieg.chiapas.gob.mx/info-estadistica/turismo
datos_chiapas,https://www.ceieg.chiapas.gob.mx/info-estadistica/seguridad
datos_chiapas,https://www.ceieg.chiapas.gob.mx/info-estadistica/ganaderia
datos_chiapas,https://www.ceieg.chiapas.gob.mx/info-estadistica/agricultura
datos_chiapas,https://www.ceieg.chiapas.gob.mx/info-geografica/mapas-municipales
datos_chiapas,https://www.ceieg.chiapas.gob.mx/home/
datos_chiapas,https://www.ceieg.chiapas.gob.mx/
datos_chiapas,https://geoweb.chiapas.gob.mx/
datos_chiapas,https://agenda2030.chiapas.gob.mx/
datos_chiapas,https://siese.chiapas.gob.mx/
datos_chiapas,https://chiapas.gob.mx/media/ped/PED_2025_2030.pdf
datos_chiapas,https://seinfra.chiapas.gob.mx/descargassop/P_Sectorial_2025-2030_INFRA.pdf
datos_chiapas,https://seinfra.chiapas.gob.mx/PDF-DU/DESARROLLO-URBANO/MANUAL.pdf
datos_chiapas,https://www.sistemas.chiapas.gob.mx/TransparenciaV3/Descargas/DescargarArchivo/?idArchivo=284259&tipoArchivo=1
datos_chiapas,https://www.seinfra.chiapas.gob.mx/juridico_2019/normatividad_administrativa/Programa.Sectorial_SOP%202019-2024.pdf
datos_chiapas,https://caminos.chiapas.gob.mx/descargas/conocenos/Publicaci%C3%B3n%20Programas%20Sectoriales.pdf
datos_chiapas,https://www.semahn.chiapas.gob.mx/portal/descargas/ord_territorial/Estado_Chiapas/Resumen_ejecutivo.pdf
datos_chiapas,https://www.semahn.chiapas.gob.mx/portal/media/uaj/8_PROGRAMAS/5_PUB_1374_A_2021_PERIODICO_OFICIAL_149_24_ENE_21_SUBCUENCA_RIO_SABINAL.pdf
datos_chiapas,https://www.coneval.org.mx/Medicion/Paginas/PobrezaInicio.aspx
datos_chiapas,https://www.coneval.org.mx/Medicion/Paginas/Pobreza-municipio-2010-2020.aspx
datos_chiapas,https://www.gob.mx/coneval
datos_chiapas,https://www.gob.mx/sedatu
datos_chiapas,https://www.gob.mx/conavi
datos_chiapas,https://sniiv.sedatu.gob.mx/
datos_chiapas,https://www.ruv.org.mx/
datos_chiapas,https://www.gob.mx/shf
datos_chiapas,https://www.gob.mx/conapo
datos_chiapas,https://www.banxico.org.mx/SieInternet/
datos_chiapas,https://www.banxico.org.mx/publicaciones-y-prensa/remesas/
datos_chiapas,https://www.gob.mx/se
datos_chiapas,https://www.gob.mx/inafed
datos_chiapas,https://www.inegi.org.mx/app/mapa/espacioydatos/
datos_chiapas,https://www.inegi.org.mx/app/buscador/default.html?q=Chiapas
datos_chiapas,https://www.inegi.org.mx/programas/ccpv/2020/
datos_chiapas,https://www.inegi.org.mx/programas/ce/2019/
datos_chiapas,https://www.inegi.org.mx/programas/enoe/15ymas/
datos_chiapas,https://www.inegi.org.mx/programas/enigh/nc/2024/
datos_chiapas,https://www.inegi.org.mx/temas/vivienda/
datos_chiapas,https://www.inegi.org.mx/temas/hogares/
datos_chiapas,https://www.inegi.org.mx/temas/estructura/
datos_chiapas,https://www.inegi.org.mx/temas/empleo/
datos_chiapas,https://www.inegi.org.mx/temas/turismo/
datos_chiapas,https://www.inegi.org.mx/temas/pib/
datos_chiapas,https://www.inegi.org.mx/temas/itaee/
datos_chiapas,https://www.inegi.org.mx/temas/remesas/
datos_chiapas,https://www.inegi.org.mx/temas/directorio/
datos_chiapas,https://www.inegi.org.mx/app/mapa/denue/default.aspx
datos_chiapas,https://www.inegi.org.mx/app/descarga/
datos_chiapas,https://www.inegi.org.mx/app/indicadores/
datos_chiapas,https://www.ceieg.chiapas.gob.mx/info-geografica/1
datos_chiapas,https://www.ceieg.chiapas.gob.mx/info-geografica/2
datos_chiapas,https://www.ceieg.chiapas.gob.mx/info-geografica/3
datos_chiapas,https://www.ceieg.chiapas.gob.mx/info-geografica/4
datos_chiapas,https://www.ceieg.chiapas.gob.mx/info-geografica/5
datos_chiapas,https://www.ceieg.chiapas.gob.mx/info-geografica/6
datos_chiapas,https://www.ceieg.chiapas.gob.mx/info-geografica/7
datos_chiapas,https://www.ceieg.chiapas.gob.mx/info-geografica/8
datos_chiapas,https://www.ceieg.chiapas.gob.mx/info-geografica/9
datos_chiapas,https://www.ceieg.chiapas.gob.mx/info-geografica/10
datos_chiapas,https://www.ceieg.chiapas.gob.mx/info-geografica/11
datos_chiapas,https://www.ceieg.chiapas.gob.mx/info-geografica/13
datos_chiapas,https://www.ceieg.chiapas.gob.mx/info-geografica/14
datos_chiapas,https://www.ceieg.chiapas.gob.mx/info-geografica/15
datos_chiapas,https://www.ceieg.chiapas.gob.mx/info-geografica/16
datos_chiapas,https://www.ceieg.chiapas.gob.mx/info-geografica/17
datos_chiapas,https://www.ceieg.chiapas.gob.mx/info-geografica/18
datos_chiapas,https://www.ceieg.chiapas.gob.mx/info-geografica/20
datos_chiapas,https://www.ceieg.chiapas.gob.mx/info-geografica/21
datos_chiapas,https://www.ceieg.chiapas.gob.mx/info-geografica/22
datos_chiapas,https://www.ceieg.chiapas.gob.mx/info-geografica/23
datos_chiapas,https://www.ceieg.chiapas.gob.mx/info-geografica/24
datos_chiapas,https://www.ceieg.chiapas.gob.mx/info-geografica/25
datos_chiapas,https://www.ceieg.chiapas.gob.mx/info-geografica/26
datos_chiapas,https://www.ceieg.chiapas.gob.mx/info-geografica/28
datos_chiapas,https://www.ceieg.chiapas.gob.mx/info-geografica/29
datos_chiapas,https://www.ceieg.chiapas.gob.mx/info-geografica/30
datos_chiapas,https://www.ceieg.chiapas.gob.mx/info-geografica/31
datos_chiapas,https://www.ceieg.chiapas.gob.mx/info-geografica/32
datos_chiapas,https://www.ceieg.chiapas.gob.mx/info-geografica/33
datos_chiapas,https://www.ceieg.chiapas.gob.mx/info-geografica/34
datos_chiapas,https://www.ceieg.chiapas.gob.mx/info-geografica/35
datos_chiapas,https://www.ceieg.chiapas.gob.mx/info-geografica/36
datos_chiapas,https://www.ceieg.chiapas.gob.mx/info-geografica/37
datos_chiapas,https://www.ceieg.chiapas.gob.mx/info-geografica/38
datos_chiapas,https://www.ceieg.chiapas.gob.mx/info-geografica/39
datos_chiapas,https://www.ceieg.chiapas.gob.mx/info-geografica/40
datos_chiapas,https://www.ceieg.chiapas.gob.mx/info-geografica/41
datos_chiapas,https://www.ceieg.chiapas.gob.mx/info-geografica/42
datos_chiapas,https://www.ceieg.chiapas.gob.mx/info-geografica/43
datos_chiapas,https://www.ceieg.chiapas.gob.mx/info-geografica/44
datos_chiapas,https://www.ceieg.chiapas.gob.mx/info-geografica/45
datos_chiapas,https://www.ceieg.chiapas.gob.mx/info-geografica/46
datos_chiapas,https://www.ceieg.chiapas.gob.mx/info-geografica/47
datos_chiapas,https://www.ceieg.chiapas.gob.mx/info-geografica/48
datos_chiapas,https://www.ceieg.chiapas.gob.mx/info-geografica/49
datos_chiapas,https://www.ceieg.chiapas.gob.mx/info-geografica/50
datos_chiapas,https://www.ceieg.chiapas.gob.mx/info-geografica/51
datos_chiapas,https://www.ceieg.chiapas.gob.mx/info-geografica/52
datos_chiapas,https://www.ceieg.chiapas.gob.mx/info-geografica/53
datos_chiapas,https://www.ceieg.chiapas.gob.mx/info-geografica/54
datos_chiapas,https://www.ceieg.chiapas.gob.mx/info-geografica/55
datos_chiapas,https://www.ceieg.chiapas.gob.mx/info-geografica/56
datos_chiapas,https://www.ceieg.chiapas.gob.mx/info-geografica/57
datos_chiapas,https://www.ceieg.chiapas.gob.mx/info-geografica/58
datos_chiapas,https://www.ceieg.chiapas.gob.mx/info-geografica/59
datos_chiapas,https://www.ceieg.chiapas.gob.mx/info-geografica/60
datos_chiapas,https://www.ceieg.chiapas.gob.mx/info-geografica/62
datos_chiapas,https://www.ceieg.chiapas.gob.mx/info-geografica/63
datos_chiapas,https://www.ceieg.chiapas.gob.mx/info-geografica/64
datos_chiapas,https://www.ceieg.chiapas.gob.mx/info-geografica/66
datos_chiapas,https://www.ceieg.chiapas.gob.mx/info-geografica/67
datos_chiapas,https://www.ceieg.chiapas.gob.mx/info-geografica/68
datos_chiapas,https://www.ceieg.chiapas.gob.mx/info-geografica/69
datos_chiapas,https://www.ceieg.chiapas.gob.mx/info-geografica/70
ventas_marketing,https://www.facebook.com/business/ads
ventas_marketing,https://www.facebook.com/business/goals/generate-leads
ventas_marketing,https://www.facebook.com/business/goals/find-new-customers
ventas_marketing,https://www.facebook.com/business/goals/increase-online-sales
ventas_marketing,https://www.facebook.com/business/goals/retarget-existing-customers
ventas_marketing,https://www.facebook.com/business/goals/measure-and-optimize-ads
ventas_marketing,https://www.facebook.com/business/industries/real-estate
ventas_marketing,https://www.facebook.com/business/ads-guide/update
ventas_marketing,https://www.facebook.com/business/help/1198401317374558
ventas_marketing,https://www.facebook.com/business/help/399587795372584
ventas_marketing,https://www.facebook.com/business/help/298000447747885
ventas_marketing,https://www.facebook.com/business/help/1993509814217759
ventas_marketing,https://business.facebook.com/business/help/301355140655035
ventas_marketing,https://business.facebook.com/business/help/575610661605746
ventas_marketing,https://www.facebook.com/business/help/621956575422138
ventas_marketing,https://www.facebook.com/business/help/950694752295474
ventas_marketing,https://www.facebook.com/business/help/214319341922580
ventas_marketing,https://www.facebook.com/business/help/716180208457684
ventas_marketing,https://www.facebook.com/business/help/196976447912140
ventas_marketing,https://www.facebook.com/business/help/1619591734742116
ventas_marketing,https://www.facebook.com/business/help/204798856225114
ventas_marketing,https://www.facebook.com/business/help/766697140509126
ventas_marketing,https://www.facebook.com/business/help/423781975167984
ventas_marketing,https://www.facebook.com/business/help/1179210765468894
ventas_marketing,https://www.facebook.com/business/tools/meta-pixel
ventas_marketing,https://www.facebook.com/business/tools/ads-manager
ventas_marketing,https://www.facebook.com/business/tools/business-manager
ventas_marketing,https://www.facebook.com/business/tools/business-manager/get-started-guide
ventas_marketing,https://www.facebook.com/business/tools/facebook-pages
ventas_marketing,https://www.facebook.com/business/tools/facebook-ads
ventas_marketing,https://www.facebook.com/business/learn
ventas_marketing,https://www.facebook.com/business/learn/courses
ventas_marketing,https://www.facebook.com/business/learn/certification
ventas_marketing,https://business.instagram.com/
ventas_marketing,https://business.instagram.com/advertising
ventas_marketing,https://business.instagram.com/getting-started
ventas_marketing,https://business.instagram.com/inspiration/
ventas_marketing,https://business.instagram.com/a/adsmanager
ventas_marketing,https://business.instagram.com/ad-solutions/branded-content
ventas_marketing,https://www.facebook.com/ads/library/
ventas_marketing,https://www.facebook.com/business/ads-guide/update/image/facebook-feed/outcome-leads
ventas_marketing,https://www.facebook.com/business/ads-guide/update/image/facebook-feed/traffic
ventas_marketing,https://www.facebook.com/business/ads-guide/update/image/facebook-feed/messages
ventas_marketing,https://www.facebook.com/business/ads-guide/update/image/instagram-feed/outcome-leads
ventas_marketing,https://www.facebook.com/business/ads-guide/update/image/instagram-feed/traffic
ventas_marketing,https://www.facebook.com/business/ads-guide/update/image/instagram-feed/messages
ventas_marketing,https://www.facebook.com/business/ads-guide/update/image/facebook-marketplace/outcome-leads
ventas_marketing,https://www.facebook.com/business/ads-guide/update/image/facebook-marketplace/traffic
ventas_marketing,https://www.facebook.com/business/ads-guide/update/image/facebook-marketplace/messages
ventas_marketing,https://www.facebook.com/business/ads-guide/update/image/facebook-stories/outcome-leads
ventas_marketing,https://www.facebook.com/business/ads-guide/update/image/facebook-stories/traffic
ventas_marketing,https://www.facebook.com/business/ads-guide/update/image/facebook-stories/messages
ventas_marketing,https://www.facebook.com/business/ads-guide/update/image/instagram-stories/outcome-leads
ventas_marketing,https://www.facebook.com/business/ads-guide/update/image/instagram-stories/traffic
ventas_marketing,https://www.facebook.com/business/ads-guide/update/image/instagram-stories/messages
ventas_marketing,https://www.facebook.com/business/ads-guide/update/image/facebook-reels/outcome-leads
ventas_marketing,https://www.facebook.com/business/ads-guide/update/image/facebook-reels/traffic
ventas_marketing,https://www.facebook.com/business/ads-guide/update/image/facebook-reels/messages
ventas_marketing,https://www.facebook.com/business/ads-guide/update/image/instagram-reels/outcome-leads
ventas_marketing,https://www.facebook.com/business/ads-guide/update/image/instagram-reels/traffic
ventas_marketing,https://www.facebook.com/business/ads-guide/update/image/instagram-reels/messages
ventas_marketing,https://www.facebook.com/business/ads-guide/update/video/facebook-feed/outcome-leads
ventas_marketing,https://www.facebook.com/business/ads-guide/update/video/facebook-feed/traffic
ventas_marketing,https://www.facebook.com/business/ads-guide/update/video/facebook-feed/messages
ventas_marketing,https://www.facebook.com/business/ads-guide/update/video/instagram-feed/outcome-leads
ventas_marketing,https://www.facebook.com/business/ads-guide/update/video/instagram-feed/traffic
ventas_marketing,https://www.facebook.com/business/ads-guide/update/video/instagram-feed/messages
ventas_marketing,https://www.facebook.com/business/ads-guide/update/video/facebook-marketplace/outcome-leads
ventas_marketing,https://www.facebook.com/business/ads-guide/update/video/facebook-marketplace/traffic
ventas_marketing,https://www.facebook.com/business/ads-guide/update/video/facebook-marketplace/messages
ventas_marketing,https://www.facebook.com/business/ads-guide/update/video/facebook-stories/outcome-leads
ventas_marketing,https://www.facebook.com/business/ads-guide/update/video/facebook-stories/traffic
ventas_marketing,https://ads.google.com/home/
ventas_marketing,https://ads.google.com/home/campaigns/search-ads/
ventas_marketing,https://ads.google.com/home/campaigns/display-ads/
ventas_marketing,https://ads.google.com/home/campaigns/video-ads/
ventas_marketing,https://ads.google.com/home/campaigns/local-services-ads/
ventas_marketing,https://ads.google.com/home/resources/advanced/
ventas_marketing,https://support.google.com/google-ads/answer/6154846?hl=en
ventas_marketing,https://support.google.com/google-ads/answer/9423234?hl=en
ventas_marketing,https://support.google.com/google-ads/answer/16726130?hl=en
ventas_marketing,https://support.google.com/google-ads/answer/17051443?hl=en
ventas_marketing,https://support.google.com/google-ads/answer/17079814?hl=en
ventas_marketing,https://support.google.com/google-ads/answer/17051188?hl=en
ventas_marketing,https://support.google.com/google-ads/answer/10089020?hl=en
ventas_marketing,https://support.google.com/google-ads/answer/11385582?hl=en
ventas_marketing,https://support.google.com/google-ads/answer/13775965?hl=en
ventas_marketing,https://support.google.com/google-ads/answer/10724817?hl=en
ventas_marketing,https://support.google.com/google-ads/answer/14528221?hl=en
ventas_marketing,https://support.google.com/google-ads/answer/7684791?hl=en
ventas_marketing,https://support.google.com/google-ads/answer/6167122?hl=en
ventas_marketing,https://support.google.com/google-ads/answer/9510373?hl=en
ventas_marketing,https://support.google.com/google-ads/answer/12158267?hl=en
ventas_marketing,https://support.google.com/google-ads/answer/2404182?hl=en
ventas_marketing,https://support.google.com/google-ads/answer/2453991?hl=en
ventas_marketing,https://support.google.com/google-ads/answer/3246303?hl=en
ventas_marketing,https://support.google.com/google-ads/answer/7331111?hl=en
ventas_marketing,https://support.google.com/google-ads/answer/2471185?hl=en
ventas_marketing,https://support.google.com/google-ads/answer/2998031?hl=en
ventas_marketing,https://support.google.com/google-ads/answer/15713840?hl=en
ventas_marketing,https://support.google.com/google-ads/answer/11021502?hl=en
ventas_marketing,https://support.google.com/google-ads/answer/11347292?hl=en
ventas_marketing,https://support.google.com/google-ads/answer/9888656?hl=en
ventas_marketing,https://support.google.com/google-ads/answer/1722022?hl=en
ventas_marketing,https://support.google.com/google-ads/answer/16619010?hl=en
ventas_marketing,https://support.google.com/google-ads/answer/13353283?hl=en
ventas_marketing,https://support.google.com/google-ads/answer/13775811?hl=en
ventas_marketing,https://support.google.com/google-ads/answer/7175034?hl=en
ventas_marketing,https://support.google.com/google-ads/answer/6325025?hl=en
ventas_marketing,https://support.google.com/google-ads/answer/6167118?hl=en
ventas_marketing,https://support.google.com/google-ads/answer/6167145?hl=en
ventas_marketing,https://support.google.com/google-ads/answer/6167137?hl=en
ventas_marketing,https://support.google.com/analytics/answer/9304153?hl=en
ventas_marketing,https://support.google.com/analytics/answer/10089681?hl=en
ventas_marketing,https://support.google.com/analytics/answer/9267568?hl=en
ventas_marketing,https://support.google.com/analytics/answer/11109416?hl=en
ventas_marketing,https://support.google.com/tagmanager/answer/6102821?hl=en
ventas_marketing,https://support.google.com/tagmanager/answer/6106716?hl=en
ventas_marketing,https://support.google.com/business/answer/6331288?hl=en
ventas_marketing,https://support.google.com/business/answer/7091?hl=en
ventas_marketing,https://support.google.com/business/answer/3038063?hl=en
ventas_marketing,https://www.thinkwithgoogle.com/intl/en-emea/marketing-strategies/automation/ai-powered-marketing/
ventas_marketing,https://www.thinkwithgoogle.com/intl/en-emea/marketing-strategies/search/
ventas_marketing,https://www.thinkwithgoogle.com/intl/en-emea/marketing-strategies/video/
ventas_marketing,https://www.thinkwithgoogle.com/intl/en-emea/marketing-strategies/data-and-measurement/
ventas_marketing,https://www.thinkwithgoogle.com/intl/en-emea/consumer-insights/consumer-trends/
ventas_marketing,https://business.whatsapp.com/
ventas_marketing,https://business.whatsapp.com/products/business-app
ventas_marketing,https://business.whatsapp.com/products/business-platform
ventas_marketing,https://whatsappbusiness.com/es-la/products/ads-that-click-to-whatsapp/
ventas_marketing,https://business.whatsapp.com/learn-more
ventas_marketing,https://faq.whatsapp.com/512723604104492
ventas_marketing,https://faq.whatsapp.com/1741293046527876
ventas_marketing,https://faq.whatsapp.com/337473702666585
ventas_marketing,https://faq.whatsapp.com/1886382371958930
ventas_marketing,https://faq.whatsapp.com/3872729742954601
ventas_marketing,https://faq.whatsapp.com/643460927283235
ventas_marketing,https://faq.whatsapp.com/2600000023330054
ventas_marketing,https://faq.whatsapp.com/641572844337957
ventas_marketing,https://faq.whatsapp.com/779626735802737
ventas_marketing,https://developers.facebook.com/docs/whatsapp/
ventas_marketing,https://developers.facebook.com/docs/whatsapp/cloud-api/
ventas_marketing,https://developers.facebook.com/docs/whatsapp/business-management-api/
ventas_marketing,https://developers.facebook.com/docs/whatsapp/embedded-signup/
ventas_marketing,https://ads.tiktok.com/business/
ventas_marketing,https://ads.tiktok.com/business/creativecenter
ventas_marketing,https://ads.tiktok.com/business/creativecenter/inspiration/topads/pc/en
ventas_marketing,https://ads.tiktok.com/business/creativecenter/tiktok-topads-spotlight/pc/en
ventas_marketing,https://ads.tiktok.com/business/creativecenter/trends/hub/pc/en
ventas_marketing,https://ads.tiktok.com/help/article/lead-generation-objective?lang=en
